fname,lname,uid,phone,address
Fay,Doyle,1,(747) 887-9011,231-1144 Pretium St.
Donna,Odonnell,2,(465) 980-2362,8005 Egestas St.
Amos,Todd,3,(358) 401-4602,"P.O. Box 779, 9304 At Road"
Idola,Mcpherson,4,(484) 935-8550,551-4220 Vestibulum Road
Deirdre,Patterson,5,(233) 737-2075,"P.O. Box 113, 4328 Sollicitudin St."
Gil,Bowman,6,(525) 884-1136,6235 Dictum Street
Claire,Lane,7,(992) 740-9919,Ap #616-9772 Cras Rd.
Hu,Strong,8,(914) 304-1542,"524-7252 Purus, Road"
Germaine,Norman,9,(706) 366-2809,774-5110 Consequat Rd.
Katelyn,Atkins,10,(646) 830-5444,Ap #461-2830 Mauris Av.
Abbot,Talley,11,(359) 857-6646,"P.O. Box 643, 5098 Aliquam, Avenue"
Dylan,Townsend,12,(252) 143-0056,929-1451 Facilisis. Ave
Troy,Dunlap,13,(398) 723-5521,1892 Nisl. Street
Grant,Melton,14,(618) 542-9363,750-104 Mi St.
Rhiannon,Garcia,15,(150) 425-9619,"P.O. Box 634, 3199 Lacinia. Street"
Kevin,Travis,16,(773) 260-3082,2200 Tortor. St.
Armando,Rosa,17,(954) 167-8025,Ap #742-6854 Nibh. Av.
Brock,Mckee,18,(410) 330-9146,"P.O. Box 225, 2982 At Av."
Eagan,Trujillo,19,(411) 855-4564,1125 Phasellus Rd.
Zena,Wilder,20,(330) 115-0730,653-8103 Fusce St.
Vladimir,Figueroa,21,(530) 679-4340,"P.O. Box 841, 7399 Purus Ave"
Illiana,Cobb,22,(402) 372-9114,Ap #977-8909 Sem Avenue
Sasha,Bird,23,(406) 578-1767,"P.O. Box 430, 856 Facilisis Street"
Merritt,Maldonado,24,(762) 847-5451,"P.O. Box 864, 2260 A Ave"
Brett,Hooper,25,(999) 723-8864,"P.O. Box 525, 8373 Sagittis St."
Sandra,Juarez,26,(139) 511-8520,5195 Gravida. St.
Karleigh,Wilder,27,(235) 796-5509,"Ap #861-8815 Montes, Av."
Hall,Bender,28,(841) 738-7438,"P.O. Box 758, 4106 Donec Rd."
Jillian,Maddox,29,(499) 221-2343,880-8857 Convallis Ave
Irma,Lowery,30,(191) 347-3424,163-6578 Duis Av.
Shea,Atkins,31,(109) 163-1450,Ap #271-5809 Augue Rd.
Roth,Shaw,32,(693) 709-1194,"P.O. Box 364, 8289 Cursus Street"
Alma,Williams,33,(367) 382-2163,809-4021 Eleifend Avenue
Vincent,Gamble,34,(452) 551-5618,"P.O. Box 114, 4633 Purus Road"
Freya,Chandler,35,(241) 961-6415,"Ap #691-8925 Tempus, Road"
Finn,Santiago,36,(805) 183-9971,3313 Pellentesque St.
Stone,Douglas,37,(837) 680-3714,5044 Elit Avenue
Carl,Armstrong,38,(281) 885-6937,Ap #846-4172 Aliquet. Street
Brenna,Russell,39,(319) 261-6910,"P.O. Box 870, 1122 Ut Rd."
Justin,Morrison,40,(597) 352-4763,Ap #542-352 Erat Road
Charissa,Lopez,41,(882) 873-4674,Ap #799-5975 Arcu. Av.
Brendan,Mckinney,42,(434) 554-5245,"P.O. Box 877, 3484 Dolor. St."
Jescie,Mason,43,(659) 797-5767,"P.O. Box 589, 6898 Nulla. Av."
Holly,Boone,44,(236) 206-4401,4924 Vestibulum Street
Erich,Rojas,45,(199) 781-1942,9053 Laoreet St.
Elmo,Mcgowan,46,(337) 979-8738,Ap #810-4690 Volutpat. Rd.
Jerry,Townsend,47,(902) 508-9388,Ap #631-3956 Dui. Road
Gage,Ross,48,(506) 983-3916,8230 Nunc Ave
William,Smith,49,(837) 280-9920,2599 Pellentesque St.
Germane,Gilmore,50,(229) 358-6933,6485 A Avenue
Lucian,Hewitt,51,(149) 691-5438,Ap #648-5735 Sed St.
Darius,Adams,52,(335) 902-5670,"P.O. Box 678, 4257 Eu Av."
Ross,Moss,53,(567) 343-6906,618-381 Turpis Street
Wade,Summers,54,(352) 990-0194,"P.O. Box 679, 8252 Eget Ave"
Maisie,Sargent,55,(800) 533-8257,"280-6298 Auctor, Street"
Yoshio,Alexander,56,(361) 586-2215,640-7785 Aliquam Street
Shea,Wilkinson,57,(665) 817-6222,"P.O. Box 139, 8476 Eu Ave"
Palmer,Erickson,58,(212) 129-0555,8591 Libero Street
Cally,Sharp,59,(707) 175-7718,896-9824 Diam Av.
Wyoming,Baldwin,60,(892) 320-1806,7806 Urna. St.
Amber,Christensen,61,(888) 983-3706,9693 Enim Avenue
Guinevere,Middleton,62,(194) 902-8496,981-9761 Elit Rd.
Elijah,Wiggins,63,(874) 182-9178,"P.O. Box 271, 5743 Aenean Road"
Igor,Frost,64,(834) 456-7476,"P.O. Box 940, 8821 Sed Av."
Gretchen,Robles,65,(879) 518-0931,Ap #989-1817 Sed St.
Ocean,Reeves,66,(737) 902-9575,9249 Sit Av.
Zeph,Woods,67,(120) 241-9642,7067 Magna. Road
Deborah,Mccoy,68,(144) 785-7078,4487 Orci St.
Marvin,Tyson,69,(364) 308-1258,"P.O. Box 196, 7908 Dolor Road"
Urielle,Tyson,70,(885) 518-2001,283-6932 In Street
Blaze,Haynes,71,(103) 331-1616,"P.O. Box 671, 8472 Euismod Rd."
Catherine,Crawford,72,(885) 629-6631,4247 Proin Avenue
Justine,Mcleod,73,(243) 266-1190,"6035 A, Ave"
Jamalia,Boone,74,(307) 587-8572,"613-7054 Ut, St."
Ima,Young,75,(954) 800-4873,1770 Fusce Av.
Lillith,Huber,76,(843) 330-1545,"Ap #386-2525 Vulputate, Avenue"
Katell,Robertson,77,(789) 824-5081,Ap #942-6787 Vulputate Av.
Chastity,Lawson,78,(722) 577-5758,"P.O. Box 237, 4959 Porttitor St."
Jane,Waller,79,(115) 645-4532,4049 Adipiscing Av.
Stephanie,Moran,80,(662) 838-0923,609 In Rd.
Joy,Wyatt,81,(270) 839-1655,4196 Feugiat St.
Judith,Bender,82,(293) 305-8400,Ap #888-1087 Ut Ave
Illana,Flowers,83,(555) 121-5702,3081 Lorem Rd.
Myra,Barton,84,(276) 524-8525,256-1253 Mi Street
Autumn,Hoffman,85,(230) 260-3163,"P.O. Box 735, 5203 Orci Rd."
Juliet,Gross,86,(924) 275-4421,Ap #706-3565 Lacus. Ave
Clementine,Oliver,87,(287) 473-1779,511-121 At Ave
Laurel,Zimmerman,88,(854) 577-5259,7178 Morbi Street
Alma,Mathews,89,(364) 842-8945,"P.O. Box 493, 8500 Dui, Street"
Rina,Davidson,90,(544) 761-5110,Ap #962-5151 Varius Street
Vincent,Giles,91,(804) 167-1271,"P.O. Box 492, 1704 Tempus Av."
Nero,Barber,92,(886) 447-6004,"P.O. Box 745, 7705 Quam Street"
Deirdre,Lane,93,(965) 988-7838,559-4698 Eget Street
Cathleen,Burke,94,(928) 102-1393,Ap #625-791 Aenean St.
Tara,West,95,(676) 348-1896,912-4189 Non Ave
Jorden,Baxter,96,(687) 791-0930,"P.O. Box 228, 4074 Pellentesque Avenue"
Deacon,Trevino,97,(272) 120-1497,"P.O. Box 594, 4401 Nulla Av."
Zelda,Sargent,98,(991) 234-2412,Ap #347-9560 Nam Av.
Jaquelyn,Hall,99,(720) 782-1083,Ap #464-2702 At Av.
Felicia,Hurley,100,(991) 732-4092,193-6149 Adipiscing Road